ID,Video,Start,End,Duration,Current Label,Suggested Review
06_gestures_short_001,06_gestures_short.mp4,3.7,5.6,1.9,NEEDS_ANNOTATION,scratch/segment_review\06_gestures_short\06_gestures_short_001.mp4
06_gestures_short_002,06_gestures_short.mp4,5.6,6.9,1.3,NEEDS_ANNOTATION,scratch/segment_review\06_gestures_short\06_gestures_short_002.mp4
06_gestures_short_003,06_gestures_short.mp4,6.9,10.0,3.1,NEEDS_ANNOTATION,scratch/segment_review\06_gestures_short\06_gestures_short_003.mp4
06_gestures_short_004,06_gestures_short.mp4,10.0,13.1,3.1,NEEDS_ANNOTATION,scratch/segment_review\06_gestures_short\06_gestures_short_004.mp4
06_gestures_short_005,06_gestures_short.mp4,13.1,14.5,1.4,NEEDS_ANNOTATION,scratch/segment_review\06_gestures_short\06_gestures_short_005.mp4
06_gestures_short_006,06_gestures_short.mp4,14.5,15.6,1.1,NEEDS_ANNOTATION,scratch/segment_review\06_gestures_short\06_gestures_short_006.mp4
06_gestures_short_007,06_gestures_short.mp4,15.6,18.3,2.7,NEEDS_ANNOTATION,scratch/segment_review\06_gestures_short\06_gestures_short_007.mp4
06_gestures_short_008,06_gestures_short.mp4,19.2,21.3,2.1,NEEDS_ANNOTATION,scratch/segment_review\06_gestures_short\06_gestures_short_008.mp4
06_gestures_short_009,06_gestures_short.mp4,21.3,23.0,1.7,NEEDS_ANNOTATION,scratch/segment_review\06_gestures_short\06_gestures_short_009.mp4
