frame_idx,timestamp,smoothed_vel,hand_vis,state
93,3.1,0.0,False,IDLE
96,3.2,0.016478220133436593,False,IDLE
99,3.3,0.019884864585645454,False,IDLE
102,3.4,0.027787364532787746,False,IDLE
105,3.5,0.04723448937891224,False,IDLE
108,3.6,0.061902301554956754,False,IDLE
111,3.7,0.1184352933202788,False,IDLE
114,3.8,0.20494156885858486,False,IDLE
117,3.9,0.25481607657532135,True,IDLE
120,4.0,0.24809642556462067,True,CAPTURING
123,4.1,0.2373920910488127,True,CAPTURING
126,4.2,0.1839643300685035,True,CAPTURING
129,4.3,0.10048919549393127,True,CAPTURING
132,4.4,0.048636617764249136,True,CAPTURING
135,4.5,0.038807276425534595,True,CAPTURING
138,4.6,0.04435120417059275,True,CAPTURING
141,4.7,0.043375439534974275,True,CAPTURING
144,4.8,0.03815621853427478,True,CAPTURING
147,4.9,0.0358983792010954,True,CAPTURING
150,5.0,0.06248455084476965,True,CAPTURING
153,5.1,0.11747208498617086,False,CAPTURING
156,5.2,0.19150570125101168,False,CAPTURING
159,5.3,0.23396625834564616,False,CAPTURING
162,5.4,0.2387584872904868,False,CAPTURING
165,5.5,0.219193934325914,False,CAPTURING
168,5.6,0.15883685572758263,False,CAPTURING
171,5.7,0.08067234047454566,False,CAPTURING
174,5.8,0.04064620814152085,False,CAPTURING
177,5.9,0.04574686916176428,False,CAPTURING
180,6.0,0.05123615844747044,False,CAPTURING
183,6.1,0.07597369651375854,False,CAPTURING
186,6.2,0.09880396802717423,False,CAPTURING
189,6.3,0.14774113755493437,False,CAPTURING
192,6.4,0.18056749672040368,False,CAPTURING
195,6.5,0.1918243876987613,True,CAPTURING
198,6.6,0.17838080073739776,True,CAPTURING
201,6.7,0.1585252324094164,True,CAPTURING
204,6.8,0.11766109294644403,True,CAPTURING
207,6.9,0.08148715008364382,True,CAPTURING
210,7.0,0.05712331509216717,True,CAPTURING
213,7.1,0.04639023570252027,True,CAPTURING
216,7.2,0.047749008495994116,True,CAPTURING
219,7.3,0.0367738845441666,True,CAPTURING
222,7.4,0.033709925210276596,True,CAPTURING
225,7.5,0.036352607534388334,True,CAPTURING
228,7.6,0.04759694261844485,True,CAPTURING
231,7.7,0.043480697062800555,True,CAPTURING
234,7.8,0.048844091485000005,True,CAPTURING
237,7.9,0.05064358596878789,True,CAPTURING
240,8.0,0.07469675290825672,False,CAPTURING
243,8.1,0.12585943986260428,False,CAPTURING
246,8.2,0.1875952646384928,False,CAPTURING
249,8.3,0.1869590007963742,False,CAPTURING
252,8.4,0.18066832716901082,False,CAPTURING
255,8.5,0.16873715871353057,False,CAPTURING
258,8.6,0.11147180059252175,False,CAPTURING
261,8.7,0.07549082572042189,False,CAPTURING
264,8.8,0.0814233662139294,False,CAPTURING
267,8.9,0.094534309693677,False,CAPTURING
270,9.0,0.08764231239019428,False,CAPTURING
273,9.1,0.11752633928362018,False,CAPTURING
276,9.2,0.1641505881327796,True,CAPTURING
279,9.3,0.1896327691730431,True,CAPTURING
282,9.4,0.19220501018782632,True,CAPTURING
285,9.5,0.19393747830992222,True,CAPTURING
288,9.6,0.17288769112666375,True,CAPTURING
291,9.7,0.11954458131646892,True,CAPTURING
294,9.8,0.10039507969996975,True,CAPTURING
297,9.9,0.08747642652835606,True,CAPTURING
300,10.0,0.0806578509430154,True,CAPTURING
303,10.1,0.0677683368500088,True,CAPTURING
306,10.2,0.05701055911881625,True,CAPTURING
309,10.3,0.05174530348595667,True,CAPTURING
312,10.4,0.04784249134407288,True,CAPTURING
315,10.5,0.055717150407634995,True,CAPTURING
318,10.6,0.05396806297429144,True,CAPTURING
321,10.7,0.045727499927508325,True,CAPTURING
324,10.8,0.04422092633773898,True,CAPTURING
327,10.9,0.06747160597137623,False,CAPTURING
330,11.0,0.12051868458965483,True,CAPTURING
333,11.1,0.16699422912744755,False,CAPTURING
336,11.2,0.191658664005765,False,CAPTURING
339,11.3,0.19109859537047152,False,CAPTURING
342,11.4,0.17795055953751104,False,CAPTURING
345,11.5,0.11831342725963381,False,CAPTURING
348,11.6,0.08116627405199064,False,CAPTURING
351,11.7,0.0632677416660395,False,CAPTURING
354,11.8,0.07058153249991432,False,CAPTURING
357,11.9,0.07897221272953356,False,CAPTURING
360,12.0,0.07777818637397176,False,CAPTURING
363,12.1,0.11381690028807037,False,CAPTURING
366,12.2,0.1614650192678555,True,CAPTURING
369,12.3,0.1693213340216984,True,CAPTURING
372,12.4,0.1639888961701907,True,CAPTURING
375,12.5,0.182907101616604,True,CAPTURING
378,12.6,0.13706177815958578,True,CAPTURING
381,12.7,0.09796247974522837,True,CAPTURING
384,12.8,0.09417782944218162,True,CAPTURING
387,12.9,0.083757027534518,True,CAPTURING
390,13.0,0.0687809815602916,True,CAPTURING
393,13.1,0.07852622321724982,True,CAPTURING
396,13.2,0.06567078069831932,True,CAPTURING
399,13.3,0.06159832976270345,True,CAPTURING
402,13.4,0.07341468957475142,True,CAPTURING
405,13.5,0.06239532868539823,True,CAPTURING
408,13.6,0.057201430350903734,True,CAPTURING
411,13.7,0.07931616534608868,True,CAPTURING
414,13.8,0.11163465543375409,True,CAPTURING
417,13.9,0.13015032772285423,False,CAPTURING
420,14.0,0.1763393002979552,False,CAPTURING
423,14.1,0.19735981241528613,False,CAPTURING
426,14.2,0.1850235925219036,False,CAPTURING
429,14.3,0.1531722428028644,False,CAPTURING
432,14.4,0.12212272044744354,False,CAPTURING
435,14.5,0.08266110788689489,False,CAPTURING
438,14.6,0.06372742180930727,False,CAPTURING
441,14.7,0.0637846486088888,False,CAPTURING
444,14.8,0.06326225325220215,False,CAPTURING
447,14.9,0.09869805320347501,False,CAPTURING
450,15.0,0.14087477851767488,True,CAPTURING
453,15.1,0.16982183078034113,True,CAPTURING
456,15.2,0.17253940055019712,True,CAPTURING
459,15.3,0.1785036637109435,True,CAPTURING
462,15.4,0.14454864538351478,True,CAPTURING
465,15.5,0.1022992785308624,True,CAPTURING
468,15.6,0.07421366748141897,True,CAPTURING
471,15.7,0.06459330063690459,True,CAPTURING
474,15.8,0.05016859836251375,True,CAPTURING
477,15.9,0.052704585444135345,True,CAPTURING
480,16.0,0.0512432055676504,True,CAPTURING
483,16.1,0.049705287357770515,True,CAPTURING
486,16.2,0.04922232201917142,True,CAPTURING
489,16.3,0.04491889458754432,True,CAPTURING
492,16.4,0.03814101921393155,True,CAPTURING
495,16.5,0.03786732781779356,True,CAPTURING
498,16.6,0.07864005795124471,True,CAPTURING
501,16.7,0.1265683566757944,True,CAPTURING
504,16.8,0.1676252487382414,False,CAPTURING
507,16.9,0.19823392731297154,False,CAPTURING
510,17.0,0.19934391956704378,False,CAPTURING
513,17.1,0.17280598788547968,False,CAPTURING
516,17.2,0.13278075484063978,False,CAPTURING
519,17.3,0.09190034895873331,False,CAPTURING
522,17.4,0.06695571739428316,False,CAPTURING
525,17.5,0.07964365217040496,False,CAPTURING
528,17.6,0.10468265495177739,True,CAPTURING
531,17.7,0.1477998768017131,False,CAPTURING
534,17.8,0.18641809817823565,True,CAPTURING
537,17.9,0.1956411481955475,True,CAPTURING
540,18.0,0.1784645400783555,True,CAPTURING
543,18.1,0.13371235451419008,True,CAPTURING
546,18.2,0.07531136071401309,True,CAPTURING
549,18.3,0.03442044089119076,True,CAPTURING
552,18.4,0.0207164461925094,True,CAPTURING
555,18.5,0.01992720455154967,True,IDLE
558,18.6,0.019498063248895362,True,IDLE
561,18.7,0.022535224196578836,True,IDLE
564,18.8,0.022013782925880514,True,IDLE
567,18.9,0.020473734367796172,True,IDLE
570,19.0,0.01967068129601634,True,IDLE
573,19.1,0.021132869227123062,True,IDLE
576,19.2,0.029392690469094353,True,IDLE
579,19.3,0.03872367240105652,True,IDLE
582,19.4,0.07038291909844262,True,IDLE
585,19.5,0.11972320219159682,False,CAPTURING
588,19.6,0.16917616870296248,False,CAPTURING
591,19.7,0.17927050226282434,False,CAPTURING
594,19.8,0.1947428928724045,False,CAPTURING
597,19.9,0.17095207420903663,False,CAPTURING
600,20.0,0.1354139852357038,False,CAPTURING
603,20.1,0.10729762027801634,False,CAPTURING
606,20.2,0.09962429389473029,False,CAPTURING
609,20.3,0.08972412391374898,False,CAPTURING
612,20.4,0.14447321822694031,True,CAPTURING
615,20.5,0.15617854398137543,True,CAPTURING
618,20.6,0.14397233693958056,True,CAPTURING
621,20.7,0.14015886487807025,True,CAPTURING
624,20.8,0.1400227937873432,True,CAPTURING
627,20.9,0.09064196473493008,True,CAPTURING
630,21.0,0.07877743955213783,True,CAPTURING
633,21.1,0.09311914440035775,True,CAPTURING
636,21.2,0.1069573626699554,True,CAPTURING
639,21.3,0.09064015189718742,True,CAPTURING
642,21.4,0.07715504680414467,True,CAPTURING
645,21.5,0.06295015991377316,True,CAPTURING
648,21.6,0.03582996091237336,True,CAPTURING
651,21.7,0.012566515156914478,True,CAPTURING
654,21.8,0.011634098669749345,True,CAPTURING
657,21.9,0.012618810389737584,True,CAPTURING
660,22.0,0.033489244495509315,True,CAPTURING
663,22.1,0.06574946566777651,False,CAPTURING
666,22.2,0.11389141188960976,False,CAPTURING
669,22.3,0.15345064538060865,False,CAPTURING
672,22.4,0.17309394853414295,False,CAPTURING
675,22.5,0.16222005628494102,False,CAPTURING
678,22.6,0.16208037449322948,False,CAPTURING
681,22.7,0.11108585089346452,False,CAPTURING
684,22.8,0.06978854973825208,False,CAPTURING
687,22.9,0.046589455043405836,False,CAPTURING
690,23.0,0.033546610954440226,False,CAPTURING
693,23.1,0.0,False,CAPTURING
696,23.2,0.0,False,IDLE
699,23.3,0.0,False,IDLE
702,23.4,0.0,False,IDLE
705,23.5,0.0,False,IDLE
708,23.6,0.0,False,IDLE
711,23.7,0.0,False,IDLE
714,23.8,0.0,False,IDLE
717,23.9,0.0,False,IDLE
720,24.0,0.0,False,IDLE
723,24.1,0.0,False,IDLE
726,24.2,0.0,False,IDLE
729,24.3,0.0,False,IDLE
732,24.4,0.0,False,IDLE
735,24.5,0.0,False,IDLE
738,24.6,0.0,False,IDLE
741,24.7,0.0,False,IDLE
744,24.8,0.0,False,IDLE
747,24.9,0.0,False,IDLE
750,25.0,0.0,False,IDLE
753,25.1,0.0,False,IDLE
