t,pose,hand_l,hand_r,v_wrist_l,v_wrist_r,v_index_l,v_index_r,v_avg
0.1,False,False,False,0.0,0.0,0.0,0.0,0.0
0.2,False,False,False,0.0,0.0,0.0,0.0,0.0
0.3,False,False,False,0.0,0.0,0.0,0.0,0.0
0.4,False,False,False,0.0,0.0,0.0,0.0,0.0
0.5,False,False,False,0.0,0.0,0.0,0.0,0.0
0.6,False,False,False,0.0,0.0,0.0,0.0,0.0
0.7,False,False,False,0.0,0.0,0.0,0.0,0.0
0.8,False,False,False,0.0,0.0,0.0,0.0,0.0
0.9,False,False,False,0.0,0.0,0.0,0.0,0.0
1.0,False,False,False,0.0,0.0,0.0,0.0,0.0
1.1,False,False,False,0.0,0.0,0.0,0.0,0.0
1.2,False,False,False,0.0,0.0,0.0,0.0,0.0
1.3,False,False,False,0.0,0.0,0.0,0.0,0.0
1.4,False,False,False,0.0,0.0,0.0,0.0,0.0
1.5,False,False,False,0.0,0.0,0.0,0.0,0.0
1.6,False,False,False,0.0,0.0,0.0,0.0,0.0
1.7,False,False,False,0.0,0.0,0.0,0.0,0.0
1.8,False,False,False,0.0,0.0,0.0,0.0,0.0
1.9,False,False,False,0.0,0.0,0.0,0.0,0.0
2.0,False,False,False,0.0,0.0,0.0,0.0,0.0
2.1,False,False,False,0.0,0.0,0.0,0.0,0.0
2.2,False,False,False,0.0,0.0,0.0,0.0,0.0
2.3,False,False,False,0.0,0.0,0.0,0.0,0.0
2.4,False,False,False,0.0,0.0,0.0,0.0,0.0
2.5,False,False,False,0.0,0.0,0.0,0.0,0.0
2.6,False,False,False,0.0,0.0,0.0,0.0,0.0
2.7,False,False,False,0.0,0.0,0.0,0.0,0.0
2.8,False,False,False,0.0,0.0,0.0,0.0,0.0
2.9,False,False,False,0.0,0.0,0.0,0.0,0.0
3.0,False,False,False,0.0,0.0,0.0,0.0,0.0
3.1,True,False,False,0.0,0.0,0.0,0.0,0.0
3.2,True,False,False,0.014179502722211669,0.01653908648899317,0.0,0.0,0.01535929460560242
3.3,True,False,False,0.015149152646578509,0.009745771118860236,0.0,0.0,0.012447461882719373
3.4,True,False,False,0.01674006642630956,0.031045843948248955,0.0,0.0,0.023892955187279255
3.5,True,False,False,0.09931296134543169,0.016245567164975324,0.0,0.0,0.05777926425520351
3.6,True,False,False,0.05123955246262193,0.016279259733246686,0.0,0.0,0.033759406097934305
3.7,True,False,False,0.1885304960047575,0.09823242745619995,0.0,0.0,0.14338146173047872
3.8,True,False,False,0.24585626860813248,0.16344925052150283,0.0,0.0,0.20465275956481765
3.9,True,True,True,0.1551523014590679,0.10472976049449366,0.0,0.0,0.12994103097678078
4.0,True,True,True,0.06015472186710078,0.031114462159061967,0.013581725824402025,0.04784997886258538,0.03817522217828754
4.1,True,True,True,0.003111114748438193,0.005817925814622646,0.011616309383666956,0.011332734296337776,0.007969521060766392
4.2,True,True,True,0.04923956764755952,0.018041160554993437,0.004065947086820735,0.00493720914310431,0.0190709711081195
4.3,True,True,True,0.02383032457409847,0.008734356002900212,0.006271789029084588,0.026058160366055415,0.01622365749303467
4.4,True,True,True,0.020037522215683494,0.027908208045099827,0.007966192264508915,0.00784089933159271,0.015938205464221235
4.5,True,True,True,0.025301588952780778,0.011506921400764222,0.0027738248197581965,0.02550662895760202,0.016272241032726304
4.6,True,True,True,0.03245172169058721,0.025835485233323748,0.0008262824242606616,0.013723167368554537,0.018209164179181538
4.7,True,True,True,0.03029883308536363,0.013454252119434641,0.0017456914684912544,0.02108030196383757,0.016644769659281775
4.8,True,True,True,0.01063184355618048,0.0072844243576914245,0.002946060616212678,0.0030202333186390607,0.005970640462180911
4.9,True,True,True,0.03571368916326908,0.0029557732016709326,0.0033508713359911815,0.004366440325443437,0.011596693506593658
5.0,True,False,True,0.01839360966395388,0.036151381200907544,0.0,0.14541216103320392,0.06665238396602179
5.1,True,False,False,0.14087004397429564,0.11291210691062316,0.0,0.0,0.1268910754424594
5.2,True,False,False,0.10332877539595708,0.2321962799450731,0.0,0.0,0.16776252767051508
5.3,True,False,False,0.07746487182596058,0.11396703917033692,0.0,0.0,0.09571595549814875
5.4,True,False,False,0.013016744187625998,0.034027019028212147,0.0,0.0,0.02352188160791907
5.5,True,False,False,0.020025407696326925,0.049473713170092345,0.0,0.0,0.034749560433209634
5.6,True,False,False,0.0033329411369110943,0.015431949767866406,0.0,0.0,0.009382445452388751
5.7,True,False,False,0.011974943627844086,0.008900634279447166,0.0,0.0,0.010437788953645626
5.8,True,False,False,0.009990068635201473,0.015526462947198272,0.0,0.0,0.012758265791199873
5.9,True,False,False,0.0026955301737415084,0.07051523409117924,0.0,0.0,0.036605382132460375
6.0,True,False,False,0.015627877911551732,0.08054600199337757,0.0,0.0,0.04808693995246465
6.1,True,False,False,0.024304161253844995,0.10793855191339718,0.0,0.0,0.06612135658362109
6.2,True,False,False,0.10356117080889884,0.021822002826665958,0.0,0.0,0.0626915868177824
6.3,True,False,False,0.09700396306406023,0.15139463525356833,0.0,0.0,0.12419929915881428
6.4,True,False,False,0.13111941235113317,0.08984455092990959,0.0,0.0,0.11048198164052138
6.5,True,True,True,0.08024639115026773,0.06516236236312958,0.0,0.0,0.07270437675669866
6.6,True,True,True,0.034896419877181506,0.015386077206347697,0.03427980924800884,0.05206671403317622,0.03415725509117856
6.7,True,True,True,0.02442673786062285,0.013567983737703909,0.008277920947024162,0.019990268531803627,0.01656572776928864
6.8,True,True,True,0.055031552112578326,0.009087494815006354,0.03256729929277745,0.02102976827263289,0.029429028623248754
6.9,True,True,True,0.019677351156532557,0.01615986256800279,0.0465230101722673,0.02593794569653386,0.027074542398334126
7.0,True,True,True,0.013825243881483576,0.011766659580889799,0.01338529246630783,0.027862257392573423,0.016709863330313657
7.1,True,True,True,0.007256901258472573,0.0028410527715637874,0.020046166035644852,0.009874172785353935,0.010004573212758787
7.2,True,True,True,0.016745336406605367,0.00572005817538757,0.025571578992123256,0.02748217681090275,0.018879787596254735
7.3,True,True,True,0.009279036743029748,0.0024787688232481135,0.002319547169609659,0.008570551256268264,0.005661975998038946
7.4,True,True,True,0.027030865364713975,0.013812347924214336,0.022210406814683354,0.017194481379560905,0.020062025370793143
7.5,True,True,True,0.019679564427159003,0.015278757039023674,0.029424953221424202,0.023208918248369747,0.021898048233994157
7.6,True,True,True,0.044849340461126846,0.023336813940529298,0.03413940924617496,0.031703913922974544,0.03350736939270141
7.7,True,True,True,0.03315758401700747,0.0029531040620063356,0.0005898268689462139,0.003979384102333527,0.010169974762573386
7.8,True,True,True,0.04837987400883041,0.00723877893803624,0.0046325525299471225,0.008069543046277959,0.017080187130772934
7.9,True,False,True,0.026791029359608597,0.0162356331783494,0.0,0.02855411082839034,0.02386025778878278
8.0,True,False,False,0.07169742341333987,0.07545337866177819,0.0,0.0,0.07357540103755902
8.1,True,False,False,0.1660266261325621,0.12293910706492595,0.0,0.0,0.14448286659874404
8.2,True,False,False,0.17785943295924964,0.11141564039754036,0.0,0.0,0.144637536678395
8.3,True,False,False,0.022325821544842854,0.010278665190464638,0.0,0.0,0.016302243367653745
8.4,True,False,False,0.012592770817982553,0.009899216280504792,0.0,0.0,0.011245993549243672
8.5,True,False,False,0.07657313761017455,0.02468509349509051,0.0,0.0,0.050629115552632525
8.6,True,False,False,0.032952849177273855,0.011084895759189585,0.0,0.0,0.02201887246823172
8.7,True,False,False,0.09816024010731975,0.0389760285035487,0.0,0.0,0.06856813430543422
8.8,True,False,False,0.051500813823183236,0.00855550464256596,0.0,0.0,0.0300281592328746
8.9,True,False,False,0.0542302860864758,0.027632715413820907,0.0,0.0,0.040931500750148356
9.0,True,False,False,0.027595560841401058,0.04310168830355052,0.0,0.0,0.035348624572475784
9.1,True,False,False,0.09375000946980994,0.08505680136094108,0.0,0.0,0.0894034054153755
9.2,True,False,True,0.22363616316436222,0.11793549743506354,0.0,0.0,0.1707858302997129
9.3,True,True,True,0.039452613599342816,0.08419146433320475,0.0,0.131394712637572,0.08501293019003986
9.4,True,True,True,0.033810138368768804,0.03596959215887185,0.05349079609250353,0.056092545688624804,0.04484076807719225
9.5,True,True,True,0.03183667987869454,0.017482697710536448,0.023315878767850087,0.07709301810119681,0.03743206861456947
9.6,True,True,True,0.0253285438484392,0.0075666304854001614,0.10453109714920793,0.020148053431586207,0.039393581228658374
9.7,True,True,True,0.028509171564826578,0.0292646309199062,0.09831083134461571,0.04497957291064625,0.05026605168499868
9.8,True,True,True,0.027287228120743,0.019679454666353766,0.08920676338328276,0.028501752859747903,0.041168799757531856
9.9,True,True,True,0.020502194755379764,0.0028087252327500907,0.02207760002213091,0.019883987938421593,0.01631812698717059
10.0,True,True,True,0.028502759179107797,0.007788789450794962,0.033017767360839154,0.01920682058558324,0.022129034144081287
10.1,True,True,True,0.0028173753970249034,0.0067396581059503535,0.02291019537060964,0.015505187782522328,0.011993104164026807
10.2,True,True,True,0.02770711264628811,0.006437965682226594,0.03610868111779782,0.03827655046290279,0.027132577477303826
10.3,True,True,True,0.03304721765834039,0.013108502331047725,0.0498196478708175,0.02319140329154377,0.02979169278793735
10.4,True,True,True,0.007074233068625035,0.010901854333060741,0.0069779262340544206,0.007440144088398369,0.008098539431034642
10.5,True,True,True,0.04220640303626606,0.013863538502378809,0.052383368067841524,0.04490510553636418,0.03833960378571265
10.6,True,True,True,0.0181642867572463,0.0014316703118460884,0.01169887176392512,0.0021891042711407985,0.008370983276039577
10.7,True,True,True,0.019193260081095422,0.008806484653682228,0.0050017763594338,0.0070757341335545496,0.0100193138069415
10.8,True,True,True,0.016687035078383455,0.026677975507231444,0.031227674612732195,0.03314855767954273,0.026935310719472458
10.9,True,False,False,0.05673592622003352,0.05736925044884491,0.0,0.0,0.057052588334439214
11.0,True,False,True,0.19095465223746513,0.11354386288799885,0.0,0.0,0.152249257562732
11.1,True,False,False,0.14675037714436184,0.0700573797802363,0.0,0.0,0.10840387846229907
11.2,True,False,False,0.047753347279849354,0.08107466622175562,0.0,0.0,0.06441400675080249
11.3,True,False,False,0.00970827801571957,0.044644060623650096,0.0,0.0,0.027176169319684834
11.4,True,False,False,0.05162510584620847,0.010819701870439784,0.0,0.0,0.031222403858324126
11.5,True,False,False,0.04214540709133789,0.01128256064247008,0.0,0.0,0.026713983866903986
11.6,True,False,False,0.04244005227909074,0.017663725371133622,0.0,0.0,0.030051888825112182
11.7,True,False,False,0.01849405468494137,0.03390703704322411,0.0,0.0,0.02620054586408274
11.8,True,False,False,0.05403168550639723,0.03523655514393487,0.0,0.0,0.044634120325166046
11.9,True,False,False,0.07971589033357299,0.021647901139712534,0.0,0.0,0.05068189573664276
12.0,True,False,False,0.005098519676142847,0.04323074395934871,0.0,0.0,0.024164631817745776
12.1,True,False,False,0.09772213312300093,0.1246948226262911,0.0,0.0,0.11120847787464602
12.2,True,False,True,0.13758809604736624,0.12709996117233613,0.0,0.0,0.13234402860985117
12.3,True,False,True,0.04265619306377241,0.054542033762597884,0.0,0.08522017103564229,0.06080613262067086
12.4,True,True,True,0.01876242871168106,0.02489087386107184,0.0,0.06866071054373607,0.03743800437216299
12.5,True,True,True,0.007742954307602769,0.048056300248032806,0.10792187878213211,0.0963830027177817,0.06502603401388735
12.6,True,True,True,0.00554985889942046,0.004997963948451279,0.005201416973408544,0.015262252548884128,0.007752873092541103
12.7,True,True,True,0.011339616207209666,0.029784447774305178,0.0685049172434899,0.06619969623792055,0.043957169365731324
12.8,True,True,True,0.012404824431263213,0.03211161665625323,0.09856962914027366,0.06470112575557173,0.051946798995840454
12.9,True,True,True,0.006926071709476413,0.0111205080010259,0.038124632803062136,0.002345471025251912,0.01462917088470409
13.0,True,True,True,0.009135310420536806,0.002997254152968172,0.059801505536048814,0.05716858114229018,0.032275662812960994
13.1,True,True,True,0.007354161339793893,0.01526367214201363,0.06547481392392104,0.029235763850025857,0.029332102813938606
13.2,True,True,True,0.0045171412505665256,0.0070451661109872735,0.022233577207473508,0.0305045728041896,0.016075114343304227
13.3,True,True,True,0.012289541304482156,0.008195483015706653,0.08653505932766778,0.06502979373746658,0.04301246934633079
13.4,True,True,True,0.012975833226287911,0.012273971208587411,0.057954538365054833,0.07843103983212349,0.04040884565801341
13.5,True,True,True,0.0023489383016288656,0.0018930777127790035,0.025069771126392245,0.0025751354717897176,0.007971730653147458
13.6,True,True,True,0.008599439589796995,0.011564557172727042,0.039248229677932935,0.010932982956435341,0.01758630234922308
13.7,True,True,True,0.031984747454268415,0.04828690230679411,0.09965997324997061,0.07564444966714164,0.0638940181695437
13.8,True,True,False,0.09764458172808343,0.0942631871011568,0.14794094905366345,0.0,0.1132829059609679
13.9,True,False,False,0.08452785213347452,0.077685374258091,0.0,0.0,0.08110661319578276
14.0,True,False,False,0.11210042463637032,0.10712129889799386,0.0,0.0,0.1096108617671821
14.1,True,False,False,0.060792600290498745,0.06848374670361156,0.0,0.0,0.06463817349705515
14.2,True,False,False,0.046294035598458835,0.0300297310975209,0.0,0.0,0.03816188334798987
14.3,True,False,False,0.05198710112317152,0.0384234231675726,0.0,0.0,0.04520526214537206
14.4,True,False,False,0.010798014392719038,0.01596801128801592,0.0,0.0,0.01338301284036748
14.5,True,False,False,0.03417056335311917,0.012916987096484414,0.0,0.0,0.02354377522480179
14.6,True,False,False,0.03876769858072292,0.007349331391325893,0.0,0.0,0.023058514986024407
14.7,True,False,False,0.06001378697534451,0.017404344221841707,0.0,0.0,0.038709065598593106
14.8,True,False,False,0.018786695165704245,0.06925330755014103,0.0,0.0,0.04402000135792264
14.9,True,False,False,0.08738362896743385,0.09827847341201515,0.0,0.0,0.0928310511897245
15.0,True,True,False,0.10324893359488839,0.13139801518361655,0.0,0.0,0.11732347438925247
15.1,True,True,True,0.0906468555011119,0.06729704596394707,0.10350896091872103,0.0,0.08715095412792667
15.2,True,True,True,0.03639286099334725,0.03782832071091108,0.060340923201018,0.04199067670740839,0.04413819540317118
15.3,True,True,True,0.019211135318574997,0.03002194451452176,0.0844349305460732,0.09458018069755664,0.057062047769181654
15.4,True,True,True,0.0030326401963899374,0.01928486829710077,0.013618766161551105,0.030125409581737216,0.01651542105919476
15.5,True,True,True,0.00945188133690375,0.004116200192168102,0.03646227848141962,0.042164094992149084,0.02304861375066014
15.6,True,True,True,0.01396320639520395,0.0022045588646042898,0.031547177947557105,0.05098621982918034,0.024675290759136423
15.7,True,True,True,0.009704377386573792,0.010098671238260696,0.04520082502793071,0.02636250393506841,0.022841594396958403
15.8,True,True,True,0.0011012882399065312,0.002624274269484012,0.05285382529426454,0.04301292819531084,0.02489807899974148
15.9,True,True,True,0.014299062850059762,0.0067140728717685495,0.012569053252118538,0.0549050017299372,0.022121797675971014
16.0,True,True,True,0.01757185862972928,0.00624183549494129,0.022214621237636737,0.032232672235756106,0.019565246899515852
16.1,True,True,True,0.020733938289453194,0.010821873489832741,0.023391914773839676,0.029426462390871842,0.021093547235999363
16.2,True,True,True,0.004149285148962684,0.003055338193508911,0.012294275654418613,0.06638090235314116,0.021469950337507843
16.3,True,True,True,0.01239503202543064,0.0038838644496848166,0.03125102175079901,0.012231824003942734,0.0149404355574643
16.4,True,True,True,0.005419206569228967,0.010778408867588692,0.007448065181736842,0.004075338943062069,0.006930254890404142
16.5,True,True,True,0.010794870416842427,0.010694128664096863,0.03012662107128537,0.023542857302224537,0.0187896193636123
16.6,True,True,True,0.09416728504375455,0.06854376659699392,0.154851572109195,0.1235420460356695,0.11027616744640324
16.7,True,False,True,0.1443479766139875,0.10666655829580313,0.0,0.13055893413322023,0.12719115634767028
16.8,True,False,False,0.12297869714984114,0.08808736131063111,0.0,0.0,0.10553302923023612
16.9,True,False,False,0.06878136505727427,0.08122816080458116,0.0,0.0,0.07500476293092771
17.0,True,False,False,0.002529684022958283,0.04033201955436374,0.0,0.0,0.021430851788661012
17.1,True,False,False,0.07623509940847459,0.028695191707905847,0.0,0.0,0.05246514555819022
17.2,True,False,False,0.02186497101910309,0.05655689527152384,0.0,0.0,0.039210933145313466
17.3,True,False,False,0.01103883588917947,0.020429650356193187,0.0,0.0,0.01573424312268633
17.4,True,False,False,0.020937580445147166,0.01859577459430797,0.0,0.0,0.01976667751972757
17.5,True,False,False,0.05922444084806213,0.04126627682266793,0.0,0.0,0.05024535883536503
17.6,True,True,False,0.07018808847075997,0.14763156646076991,0.0,0.0,0.10890982746576494
17.7,True,False,False,0.15476004978146388,0.11543167667272972,0.0,0.0,0.1350958632270968
17.8,True,True,True,0.12422594132818014,0.07581786097435568,0.0,0.0,0.10002190115126791
17.9,True,True,True,0.052186487110356346,0.0075172219753837175,0.08043038792421126,0.01793815740187058,0.039518063602955476
18.0,True,True,True,0.014066173311518786,0.005042643527662144,0.02230540001332794,0.0038756137245535816,0.011322457644265612
18.1,True,True,True,0.004250629456283847,0.0019316853114498443,0.02469291695424426,0.004508308942666185,0.008845885166161034
18.2,True,True,True,0.002409450677369469,0.005134975619824564,0.009066229085046985,0.004086957202806482,0.005174403146261875
18.3,True,True,True,0.0053661604018612865,0.005818497293452714,0.027311599550297338,0.0030185281581573114,0.010378696350942162
18.4,True,True,True,0.0038403975185626925,0.003447942053331127,0.028010519393641135,0.002867512219220874,0.009541592796188957
18.5,True,True,True,0.006328429784651805,0.007894521309580824,0.015824581751899415,0.008551011387379256,0.009649636058377825
18.6,True,True,True,0.00667418758752898,0.006963966748102112,0.014943570863094752,0.0030075466365713805,0.007897317958824306
18.7,True,True,True,0.013892990692302357,0.004750437463996675,0.026087359653696095,0.0025186233406828346,0.01181235278766949
18.8,True,True,True,0.007656637449019505,0.004446883868023054,0.0208878893707186,0.0039020360134858385,0.00922336167531175
18.9,True,True,True,0.004693863441073125,0.004992789371268818,0.012529526902010769,0.0023309030109327777,0.006136770681321372
19.0,True,True,True,0.00908611844202579,0.005217934363988763,0.01504334516130547,0.0019825578728302116,0.007832488960037558
19.1,True,True,True,0.008649521845957079,0.005449518546103945,0.022890466582568807,0.006864092679618958,0.010963399913562197
19.2,True,True,True,0.006277499617858892,0.0024586059152600197,0.10458393906810771,0.004999191063808238,0.029579808916258717
19.3,True,True,True,0.006481366774214634,0.012862828745535796,0.06951259317507275,0.028483116050873697,0.02933497618642422
19.4,True,True,True,0.07888757671532094,0.051181747214761576,0.13191390746497617,0.036977107128771565,0.07474008463095756
19.5,True,False,False,0.13680528824592655,0.09335762819201489,0.0,0.0,0.11508145821897073
19.6,True,False,False,0.1446643393430198,0.09252707663424836,0.0,0.0,0.11859570798863409
19.7,True,False,False,0.030826060591677345,0.07294348634511912,0.0,0.0,0.05188477346839823
19.8,True,False,False,0.09348526357208865,0.033673028129185954,0.0,0.0,0.0635791458506373
19.9,True,False,False,0.03885428893302004,0.00820214169909665,0.0,0.0,0.023528215316058344
20.0,True,False,False,0.05486814446384312,0.022133556978934064,0.0,0.0,0.03850085072138859
20.1,True,False,False,0.08320735168546706,0.034063929554298926,0.0,0.0,0.058635640619882995
20.2,True,False,False,0.014920030199030685,0.05656706241494072,0.0,0.0,0.0357435463069857
20.3,True,False,False,0.019321466682265826,0.06537491513718989,0.0,0.0,0.042348190909727856
20.4,True,True,True,0.1791368966145016,0.10833087735449182,0.0,0.0,0.1437338869844967
20.5,True,True,True,0.044626628859691445,0.057353666891552586,0.08790037352742056,0.06446037453725777,0.0635852609539806
20.6,True,True,True,0.028263439051071943,0.013800813729900496,0.029847773293094106,0.051173121509910525,0.030771286895994267
20.7,True,True,True,0.040708143745158666,0.024492266487607686,0.01851115206916517,0.021780823560529468,0.026373096465615246
20.8,True,True,True,0.054477680432031585,0.045079478336174005,0.00808745901757744,0.053816724847249656,0.04036533565825817
20.9,True,True,True,0.01866257545365141,0.010422684566897855,0.05789274957202845,0.04888372673636393,0.03396543408223541
21.0,True,True,True,0.019680124914859556,0.02035759315483937,0.05098550632082131,0.05354158405392256,0.0361412021111107
21.1,True,True,True,0.05225693072234759,0.03875000385541182,0.06635881475977967,0.08010259031250705,0.05936708491251153
21.2,True,True,True,0.03967601981061527,0.04797918409959145,0.059025575088671366,0.07078648483803465,0.05436681595922818
21.3,True,True,True,0.005757529163893624,0.007153805219558235,0.0008279288344708404,0.00865429532261493,0.005598389635134407
21.4,True,True,True,0.008793691268037886,0.007483199886926564,0.0028438552380813083,0.0025636600659773136,0.005421101614755768
21.5,True,True,True,0.011525623128909722,0.007357524137347943,0.0019340640056614508,0.005042256754237283,0.0064648670065391
21.6,True,True,True,0.00589356172354767,0.0021772999611682797,0.0024696576842445548,0.001658757051358449,0.0030498191050797384
21.7,True,True,True,0.0028867341531200593,0.014427302408208414,0.003475126419282983,0.0035404498186631657,0.006082403199818656
21.8,True,True,True,0.0068143092097431865,0.0006263835111198471,0.0037946440222413123,0.003561989013994753,0.0036993314392747747
21.9,True,True,True,0.008364237189471092,0.00962016763650082,0.007186005994652815,0.004972886824702376,0.007535824411331776
22.0,True,True,True,0.030985252223329585,0.02237760117606206,0.10360476670634439,0.04494496920670175,0.05047814732810944
22.1,True,False,False,0.09200424115413336,0.05055415940273539,0.0,0.0,0.07127920027843437
22.2,True,False,False,0.12146952919574724,0.09605050632618477,0.0,0.0,0.108760017760966
22.3,True,False,False,0.09182550454464021,0.08445242423951403,0.0,0.0,0.08813896439207712
22.4,True,False,False,0.04203683384354292,0.05784675273571801,0.0,0.0,0.049941793289630464
22.5,True,False,False,0.047986227674436055,0.008851349769414476,0.0,0.0,0.028418788721925266
22.6,True,False,False,0.1057545566526863,0.04188110121024671,0.0,0.0,0.0738178289314665
22.7,False,False,False,0.0,0.0,0.0,0.0,0.0
22.8,False,False,False,0.0,0.0,0.0,0.0,0.0
22.9,False,False,False,0.0,0.0,0.0,0.0,0.0
23.0,False,False,False,0.0,0.0,0.0,0.0,0.0
23.1,False,False,False,0.0,0.0,0.0,0.0,0.0
23.2,False,False,False,0.0,0.0,0.0,0.0,0.0
23.3,False,False,False,0.0,0.0,0.0,0.0,0.0
23.4,False,False,False,0.0,0.0,0.0,0.0,0.0
23.5,False,False,False,0.0,0.0,0.0,0.0,0.0
23.6,False,False,False,0.0,0.0,0.0,0.0,0.0
23.7,False,False,False,0.0,0.0,0.0,0.0,0.0
23.8,False,False,False,0.0,0.0,0.0,0.0,0.0
23.9,False,False,False,0.0,0.0,0.0,0.0,0.0
24.0,False,False,False,0.0,0.0,0.0,0.0,0.0
24.1,False,False,False,0.0,0.0,0.0,0.0,0.0
24.2,False,False,False,0.0,0.0,0.0,0.0,0.0
24.3,False,False,False,0.0,0.0,0.0,0.0,0.0
24.4,False,False,False,0.0,0.0,0.0,0.0,0.0
24.5,False,False,False,0.0,0.0,0.0,0.0,0.0
24.6,False,False,False,0.0,0.0,0.0,0.0,0.0
24.7,False,False,False,0.0,0.0,0.0,0.0,0.0
24.8,False,False,False,0.0,0.0,0.0,0.0,0.0
24.9,False,False,False,0.0,0.0,0.0,0.0,0.0
25.0,False,False,False,0.0,0.0,0.0,0.0,0.0
25.1,False,False,False,0.0,0.0,0.0,0.0,0.0
